Workbook

Sheet Sheet1
A1: Name | B1: Physics | C1: Math | D1: Chemistry
A2: A | B2: 10 | C2: 10 | D2: 1
A3: B | B3: 1 | C3: 69 | D3: 1
A4: C | B4: 1 | C4: 1 | D4: 3

Sheet Sheet2
A1: Name | B1: Physics | C1: Math | D1: Chemistry
A2: A | B2: 5 | C2: 1 | D2: 1
A3: B | B3: 1 | C3: 1 | D3: 1
A4: C | B4: 1 | C4: 1 | D4: 4

Sheet Sheet3
A1: Name | B1: Physics | C1: Math | D1: Chemistry
A2: A | B2: 1 | C2: 15 | D2: 34
A3: B | B3: 1 | C3: 45 | D3: 1
A4: C | B4: 1 | C4: 67 | D4: 5

Sheet Sheet6
C1: Physics | D1: Math | E1: Chemistry
B2: Consolidate-12 | C2: =Sheet1!$B$2 -> 10 | D2: =Sheet1!$C$2 -> 10 | E2: =Sheet1!$D$2 -> 1
B3: Consolidate-12 | C3: =Sheet2!$B$2 -> 5 | D3: =Sheet2!$C$2 -> 1 | E3: =Sheet2!$D$2 -> 1
B4: Consolidate-12 | C4: =Sheet3!$B$2 -> 1 | D4: =Sheet3!$C$2 -> 15 | E4: =Sheet3!$D$2 -> 34
A5: A | C5: =SUM(C2:C4) -> 16 | D5: =SUM(D2:D4) -> 26 | E5: =SUM(E2:E4) -> 36
B6: Consolidate-12 | C6: =Sheet1!$B$3 -> 1 | D6: =Sheet1!$C$3 -> 69 | E6: =Sheet1!$D$3 -> 1
B7: Consolidate-12 | C7: =Sheet2!$B$3 -> 1 | D7: =Sheet2!$C$3 -> 1 | E7: =Sheet2!$D$3 -> 1
B8: Consolidate-12 | C8: =Sheet3!$B$3 -> 1 | D8: =Sheet3!$C$3 -> 45 | E8: =Sheet3!$D$3 -> 1
A9: B | C9: =SUM(C6:C8) -> 3 | D9: =SUM(D6:D8) -> 115 | E9: =SUM(E6:E8) -> 3
B10: Consolidate-12 | C10: =Sheet1!$B$4 -> 1 | D10: =Sheet1!$C$4 -> 1 | E10: =Sheet1!$D$4 -> 3
B11: Consolidate-12 | C11: =Sheet2!$B$4 -> 1 | D11: =Sheet2!$C$4 -> 1 | E11: =Sheet2!$D$4 -> 4
B12: Consolidate-12 | C12: =Sheet3!$B$4 -> 1 | D12: =Sheet3!$C$4 -> 67 | E12: =Sheet3!$D$4 -> 5
A13: C | C13: =SUM(C10:C12) -> 3 | D13: =SUM(D10:D12) -> 69 | E13: =SUM(E10:E12) -> 12

Sheet Sheet5
A1: Name | B1: Physics | C1: Math | D1: Chemistry
A2: A | B2: 1 | C2: 15 | D2: 34
A3: B | B3: 1 | C3: 1 | D3: 1
A4: C | B4: 1 | C4: 67 | D4: 5
